{
    "loss": 2.128445863723755,
    "accuracy": 0.4313725531101227
}