{
    "loss": 0.5128999948501587,
    "accuracy": 0.6960784196853638
}