{
    "loss": 67.25019836425781,
    "accuracy": 0.5686274766921997
}